{"cameraMode":{"drawMode":0,"name":"Shaded","section":"Shading Mode"},"sceneLighting":true,"audioPlay":false,"sceneViewState":{"showFog":true,"showMaterialUpdate":false,"showSkybox":true,"showFlares":true,"showImageEffects":true,"showParticleSystems":true},"in2DMode":false,"pivot":{"x":151.00917053222657,"y":35.96052551269531,"z":120.35639190673828},"rotation":{"x":0.4849875271320343,"y":0.4411223232746124,"z":-0.3054225444793701,"w":0.6914971470832825},"size":116.77693176269531,"orthographic":false}