{"cameraMode":{"drawMode":0,"name":"Shaded","section":"Shading Mode"},"sceneLighting":false,"audioPlay":false,"sceneViewState":{"showFog":true,"showMaterialUpdate":false,"showSkybox":true,"showFlares":true,"showImageEffects":true,"showParticleSystems":true},"in2DMode":false,"pivot":{"x":57.06217956542969,"y":0.34675049781799319,"z":83.70272064208985},"rotation":{"x":0.01885509118437767,"y":0.9750369191169739,"z":-0.09124306589365006,"w":0.20154978334903718},"size":4.253170013427734,"orthographic":false}