{"cameraMode":{"drawMode":0,"name":"Shaded","section":"Shading Mode"},"sceneLighting":false,"audioPlay":false,"sceneViewState":{"showFog":true,"showMaterialUpdate":false,"showSkybox":true,"showFlares":true,"showImageEffects":true,"showParticleSystems":true},"in2DMode":false,"pivot":{"x":42.63555145263672,"y":0.6229699850082398,"z":86.26839447021485},"rotation":{"x":-0.006713192444294691,"y":-0.9837149381637573,"z":-0.03809791058301926,"w":0.17552366852760316},"size":2.434032917022705,"orthographic":false}