{"cameraMode":{"drawMode":0,"name":"Shaded","section":"Shading Mode"},"sceneLighting":true,"audioPlay":false,"sceneViewState":{"showFog":true,"showMaterialUpdate":false,"showSkybox":true,"showFlares":true,"showImageEffects":true,"showParticleSystems":true},"in2DMode":false,"pivot":{"x":12.233620643615723,"y":4.407557010650635,"z":11.165989875793457},"rotation":{"x":0.04827938228845596,"y":0.9210354089736939,"z":-0.12117279320955277,"w":0.36698803305625918},"size":22.38129425048828,"orthographic":false}