{"cameraMode":{"drawMode":0,"name":"Shaded","section":"Shading Mode"},"sceneLighting":false,"audioPlay":false,"sceneViewState":{"showFog":true,"showMaterialUpdate":false,"showSkybox":true,"showFlares":true,"showImageEffects":true,"showParticleSystems":true},"in2DMode":false,"pivot":{"x":35.539127349853519,"y":0.6573916673660278,"z":63.67295837402344},"rotation":{"x":0.2492261379957199,"y":-0.05614316090941429,"z":0.014315225183963776,"w":0.9667105674743652},"size":3.5211801528930666,"orthographic":false}