{"cameraMode":{"drawMode":0,"name":"Shaded","section":"Shading Mode"},"sceneLighting":false,"audioPlay":false,"sceneViewState":{"showFog":true,"showMaterialUpdate":false,"showSkybox":true,"showFlares":true,"showImageEffects":true,"showParticleSystems":true},"in2DMode":false,"pivot":{"x":52.52030944824219,"y":1.9542508125305176,"z":93.97015380859375},"rotation":{"x":-0.10007166862487793,"y":0.5635474920272827,"z":-0.06891503930091858,"w":-0.8170989751815796},"size":7.182070255279541,"orthographic":false}