{"cameraMode":{"drawMode":0,"name":"Shaded","section":"Shading Mode"},"sceneLighting":true,"audioPlay":false,"sceneViewState":{"showFog":true,"showMaterialUpdate":false,"showSkybox":true,"showFlares":true,"showImageEffects":true,"showParticleSystems":true},"in2DMode":false,"pivot":{"x":-5.117345809936523,"y":2.2953615188598635,"z":-22.643659591674806},"rotation":{"x":-0.17189954221248628,"y":-0.5146235227584839,"z":0.1060909703373909,"w":-0.8333052396774292},"size":58.62487030029297,"orthographic":false}