{"cameraMode":{"drawMode":0,"name":"Shaded","section":"Shading Mode"},"sceneLighting":false,"audioPlay":false,"sceneViewState":{"showFog":true,"showMaterialUpdate":false,"showSkybox":true,"showFlares":true,"showImageEffects":true,"showParticleSystems":true},"in2DMode":false,"pivot":{"x":49.22107696533203,"y":1.599596619606018,"z":84.61308288574219},"rotation":{"x":-0.17746026813983918,"y":0.18841862678527833,"z":-0.034622885286808017,"w":-0.9653018116950989},"size":7.54543399810791,"orthographic":false}