{"cameraMode":{"drawMode":0,"name":"Shaded","section":"Shading Mode"},"sceneLighting":false,"audioPlay":false,"sceneViewState":{"showFog":true,"showMaterialUpdate":false,"showSkybox":true,"showFlares":true,"showImageEffects":true,"showParticleSystems":true},"in2DMode":false,"pivot":{"x":41.32267379760742,"y":0.8547161221504211,"z":79.50672149658203},"rotation":{"x":-0.08561637252569199,"y":-0.2591746747493744,"z":0.023144368082284929,"w":-0.9617498517036438},"size":8.009894371032715,"orthographic":false}