{"cameraMode":{"drawMode":0,"name":"Shaded","section":"Shading Mode"},"sceneLighting":false,"audioPlay":false,"sceneViewState":{"showFog":true,"showMaterialUpdate":false,"showSkybox":true,"showFlares":true,"showImageEffects":true,"showParticleSystems":true},"in2DMode":false,"pivot":{"x":33.042659759521487,"y":1.3824806213378907,"z":87.26785278320313},"rotation":{"x":-0.10298103094100952,"y":0.8380109071731567,"z":-0.16967397928237916,"w":-0.508275032043457},"size":8.569754600524903,"orthographic":false}