{"cameraMode":{"drawMode":0,"name":"Shaded","section":"Shading Mode"},"sceneLighting":false,"audioPlay":false,"sceneViewState":{"showFog":true,"showMaterialUpdate":false,"showSkybox":true,"showFlares":true,"showImageEffects":true,"showParticleSystems":true},"in2DMode":false,"pivot":{"x":32.2417106628418,"y":0.2599174678325653,"z":80.297119140625},"rotation":{"x":0.25248169898986819,"y":0.6043255925178528,"z":-0.21029092371463777,"w":0.7258245348930359},"size":2.378899574279785,"orthographic":false}