{"cameraMode":{"drawMode":0,"name":"Shaded","section":"Shading Mode"},"sceneLighting":false,"audioPlay":false,"sceneViewState":{"showFog":true,"showMaterialUpdate":false,"showSkybox":true,"showFlares":true,"showImageEffects":true,"showParticleSystems":true},"in2DMode":false,"pivot":{"x":12.096392631530762,"y":11.699999809265137,"z":6.092952728271484},"rotation":{"x":-0.07872124016284943,"y":0.8963016271591187,"z":-0.3989793062210083,"w":-0.1768101453781128},"size":22.0,"orthographic":false}