{"cameraMode":{"drawMode":0,"name":"Shaded","section":"Shading Mode"},"sceneLighting":true,"audioPlay":false,"sceneViewState":{"showFog":true,"showMaterialUpdate":false,"showSkybox":true,"showFlares":true,"showImageEffects":true,"showParticleSystems":true},"in2DMode":false,"pivot":{"x":12.190423011779786,"y":0.6530004739761353,"z":11.693242073059082},"rotation":{"x":0.09105322510004044,"y":0.5531132221221924,"z":-0.06098403409123421,"w":0.8258668184280396},"size":8.17447280883789,"orthographic":false}