{"cameraMode":{"drawMode":0,"name":"Shaded","section":"Shading Mode"},"sceneLighting":false,"audioPlay":false,"sceneViewState":{"showFog":true,"showMaterialUpdate":false,"showSkybox":true,"showFlares":true,"showImageEffects":true,"showParticleSystems":true},"in2DMode":false,"pivot":{"x":38.58707809448242,"y":0.8221215009689331,"z":60.22724533081055},"rotation":{"x":0.009914434514939785,"y":0.9899173974990845,"z":-0.09714482724666596,"w":0.10260658711194992},"size":3.0975730419158937,"orthographic":false}