{"cameraMode":{"drawMode":0,"name":"Shaded","section":"Shading Mode"},"sceneLighting":true,"audioPlay":false,"sceneViewState":{"showFog":true,"showMaterialUpdate":false,"showSkybox":true,"showFlares":true,"showImageEffects":true,"showParticleSystems":true},"in2DMode":false,"pivot":{"x":71.54669189453125,"y":-29.12755584716797,"z":-4.0455780029296879},"rotation":{"x":0.6340447068214417,"y":-0.04307805001735687,"z":0.034892864525318149,"w":0.771479070186615},"size":268.1408996582031,"orthographic":false}