{"cameraMode":{"drawMode":0,"name":"Shaded","section":"Shading Mode"},"sceneLighting":true,"audioPlay":false,"sceneViewState":{"showFog":true,"showMaterialUpdate":false,"showSkybox":true,"showFlares":true,"showImageEffects":true,"showParticleSystems":true},"in2DMode":false,"pivot":{"x":-120.98534393310547,"y":1.8690643310546876,"z":73.45695495605469},"rotation":{"x":0.25135093927383425,"y":-0.428890585899353,"z":0.12491675466299057,"w":0.8590397834777832},"size":64.09607696533203,"orthographic":false}