{"cameraMode":{"drawMode":0,"name":"Shaded","section":"Shading Mode"},"sceneLighting":false,"audioPlay":false,"sceneViewState":{"showFog":true,"showMaterialUpdate":false,"showSkybox":true,"showFlares":true,"showImageEffects":true,"showParticleSystems":true},"in2DMode":false,"pivot":{"x":2.6334781646728517,"y":-0.11732006072998047,"z":1.7727136611938477},"rotation":{"x":-0.13583090901374818,"y":-0.12866967916488648,"z":0.01763545349240303,"w":-0.98222815990448},"size":64.39888763427735,"orthographic":false}