{"cameraMode":{"drawMode":0,"name":"Shaded","section":"Shading Mode"},"sceneLighting":false,"audioPlay":false,"sceneViewState":{"showFog":true,"showMaterialUpdate":false,"showSkybox":true,"showFlares":true,"showImageEffects":true,"showParticleSystems":true},"in2DMode":false,"pivot":{"x":42.32056427001953,"y":1.9020302295684815,"z":95.13343048095703},"rotation":{"x":-0.003693136852234602,"y":-0.9961888194084168,"z":0.0661550834774971,"w":-0.0567253902554512},"size":14.309553146362305,"orthographic":false}