{"cameraMode":{"drawMode":0,"name":"Shaded","section":"Shading Mode"},"sceneLighting":true,"audioPlay":false,"sceneViewState":{"showFog":true,"showMaterialUpdate":false,"showSkybox":true,"showFlares":true,"showImageEffects":true,"showParticleSystems":true},"in2DMode":false,"pivot":{"x":-33.72962188720703,"y":2.909306764602661,"z":64.30623626708985},"rotation":{"x":0.25271522998809817,"y":-0.0634850561618805,"z":0.0156555138528347,"w":0.9656460285186768},"size":30.185916900634767,"orthographic":false}