{"cameraMode":{"drawMode":0,"name":"Shaded","section":"Shading Mode"},"sceneLighting":true,"audioPlay":false,"sceneViewState":{"showFog":true,"showMaterialUpdate":false,"showSkybox":true,"showFlares":true,"showImageEffects":true,"showParticleSystems":true},"in2DMode":false,"pivot":{"x":0.8230378031730652,"y":1.0769641399383546,"z":1.2654787302017213},"rotation":{"x":-0.04709018021821976,"y":0.9498617649078369,"z":-0.17609578371047975,"w":-0.25403842329978945},"size":3.9468905925750734,"orthographic":false}