{"cameraMode":{"drawMode":0,"name":"Shaded","section":"Shading Mode"},"sceneLighting":false,"audioPlay":false,"sceneViewState":{"showFog":true,"showMaterialUpdate":false,"showSkybox":true,"showFlares":true,"showImageEffects":true,"showParticleSystems":true},"in2DMode":false,"pivot":{"x":62.5193977355957,"y":2.867222547531128,"z":96.9602279663086},"rotation":{"x":-0.17282995581626893,"y":0.08192013949155808,"z":-0.014356182888150216,"w":-0.9814339876174927},"size":4.091044902801514,"orthographic":false}