{"cameraMode":{"drawMode":0,"name":"Shaded","section":"Shading Mode"},"sceneLighting":true,"audioPlay":false,"sceneViewState":{"showFog":true,"showMaterialUpdate":false,"showSkybox":true,"showFlares":true,"showImageEffects":true,"showParticleSystems":true},"in2DMode":false,"pivot":{"x":-0.11390185356140137,"y":2.055225372314453,"z":0.21800372004508973},"rotation":{"x":-0.31846368312835696,"y":0.5877584218978882,"z":-0.2701388895511627,"w":-0.6929255723953247},"size":161.49110412597657,"orthographic":false}