{"cameraMode":{"drawMode":0,"name":"Shaded","section":"Shading Mode"},"sceneLighting":false,"audioPlay":false,"sceneViewState":{"showFog":true,"showMaterialUpdate":false,"showSkybox":true,"showFlares":true,"showImageEffects":true,"showParticleSystems":true},"in2DMode":false,"pivot":{"x":0.015573084354400635,"y":1.9997408390045167,"z":0.5835974812507629},"rotation":{"x":-0.16021789610385896,"y":0.5621824264526367,"z":-0.11209861934185028,"w":-0.8035639524459839},"size":6.277930736541748,"orthographic":false}