{"cameraMode":{"drawMode":0,"name":"Shaded","section":"Shading Mode"},"sceneLighting":false,"audioPlay":false,"sceneViewState":{"showFog":true,"showMaterialUpdate":false,"showSkybox":true,"showFlares":true,"showImageEffects":true,"showParticleSystems":true},"in2DMode":false,"pivot":{"x":40.720306396484378,"y":0.48426389694213869,"z":64.2385482788086},"rotation":{"x":0.006158795207738876,"y":-0.9912257194519043,"z":0.12283896654844284,"w":0.0484166145324707},"size":3.2406845092773439,"orthographic":false}