{"cameraMode":{"drawMode":0,"name":"Shaded","section":"Shading Mode"},"sceneLighting":false,"audioPlay":false,"sceneViewState":{"showFog":true,"showMaterialUpdate":false,"showSkybox":true,"showFlares":true,"showImageEffects":true,"showParticleSystems":true},"in2DMode":false,"pivot":{"x":11.350000381469727,"y":0.9652751684188843,"z":3.6599998474121095},"rotation":{"x":-0.048221394419670108,"y":-0.9057847261428833,"z":0.10728656500577927,"w":-0.4070960283279419},"size":3.92970609664917,"orthographic":false}