{"cameraMode":{"drawMode":0,"name":"Shaded","section":"Shading Mode"},"sceneLighting":false,"audioPlay":false,"sceneViewState":{"showFog":true,"showMaterialUpdate":false,"showSkybox":true,"showFlares":true,"showImageEffects":true,"showParticleSystems":true},"in2DMode":false,"pivot":{"x":0.015573084354400635,"y":1.9997408390045167,"z":0.5835974812507629},"rotation":{"x":-0.16021791100502015,"y":0.5621824860572815,"z":-0.11209862679243088,"w":-0.8035640120506287},"size":6.277930736541748,"orthographic":false}