{"cameraMode":{"drawMode":0,"name":"Shaded","section":"Shading Mode"},"sceneLighting":true,"audioPlay":false,"sceneViewState":{"showFog":true,"showMaterialUpdate":false,"showSkybox":true,"showFlares":true,"showImageEffects":true,"showParticleSystems":true},"in2DMode":false,"pivot":{"x":31.54705810546875,"y":26.01595687866211,"z":-33.37828063964844},"rotation":{"x":0.14846688508987428,"y":0.7520639300346375,"z":-0.17753960192203523,"w":0.6181160807609558},"size":299.36932373046877,"orthographic":false}