{"cameraMode":{"drawMode":0,"name":"Shaded","section":"Shading Mode"},"sceneLighting":false,"audioPlay":false,"sceneViewState":{"showFog":true,"showMaterialUpdate":false,"showSkybox":true,"showFlares":true,"showImageEffects":true,"showParticleSystems":true},"in2DMode":false,"pivot":{"x":12.096392631530762,"y":11.699999809265137,"z":6.092952728271484},"rotation":{"x":0.2503182590007782,"y":0.21323297917842866,"z":-0.05449998378753662,"w":0.9434633851051331},"size":22.0,"orthographic":false}