{"cameraMode":{"drawMode":0,"name":"Shaded","section":"Shading Mode"},"sceneLighting":true,"audioPlay":false,"sceneViewState":{"showFog":true,"showMaterialUpdate":false,"showSkybox":true,"showFlares":true,"showImageEffects":true,"showParticleSystems":true},"in2DMode":false,"pivot":{"x":0.5399999618530273,"y":1.4900001287460328,"z":2.1059999465942385},"rotation":{"x":-0.31488749384880068,"y":0.5229350328445435,"z":-0.2160140872001648,"w":-0.7620517015457153},"size":28.00726318359375,"orthographic":false}