{"cameraMode":{"drawMode":0,"name":"Shaded","section":"Shading Mode"},"sceneLighting":true,"audioPlay":false,"sceneViewState":{"showFog":true,"showMaterialUpdate":false,"showSkybox":true,"showFlares":true,"showImageEffects":true,"showParticleSystems":true},"in2DMode":false,"pivot":{"x":-0.7685317993164063,"y":-6.960479736328125,"z":-4.958259582519531},"rotation":{"x":-0.2758130133152008,"y":-0.5894279479980469,"z":0.22280608117580415,"w":-0.7260293960571289},"size":87.93505859375,"orthographic":false}