{"cameraMode":{"drawMode":0,"name":"Shaded","section":"Shading Mode"},"sceneLighting":true,"audioPlay":false,"sceneViewState":{"showFog":true,"showMaterialUpdate":false,"showSkybox":true,"showFlares":true,"showImageEffects":true,"showParticleSystems":true},"in2DMode":false,"pivot":{"x":66.58016967773438,"y":-20.565673828125,"z":16.756851196289064},"rotation":{"x":-0.39126691222190859,"y":-0.5879196524620056,"z":0.3855378031730652,"w":-0.5941402912139893},"size":506.9547424316406,"orthographic":false}