{"cameraMode":{"drawMode":0,"name":"Shaded","section":"Shading Mode"},"sceneLighting":false,"audioPlay":false,"sceneViewState":{"showFog":true,"showMaterialUpdate":false,"showSkybox":true,"showFlares":true,"showImageEffects":true,"showParticleSystems":true},"in2DMode":false,"pivot":{"x":-0.1276315450668335,"y":0.24004220962524415,"z":0.12523114681243897},"rotation":{"x":-0.11957179009914398,"y":-0.8752850890159607,"z":0.27588772773742678,"w":-0.37888577580451968},"size":1.965752124786377,"orthographic":false}