{"cameraMode":{"drawMode":0,"name":"Shaded","section":"Shading Mode"},"sceneLighting":false,"audioPlay":false,"sceneViewState":{"showFog":true,"showMaterialUpdate":false,"showSkybox":true,"showFlares":true,"showImageEffects":true,"showParticleSystems":true},"in2DMode":false,"pivot":{"x":33.9710693359375,"y":1.7370842695236207,"z":70.52701568603516},"rotation":{"x":-0.06447647511959076,"y":-0.09135092049837113,"z":0.006056284997612238,"w":-0.9937107563018799},"size":3.153973340988159,"orthographic":false}