{"cameraMode":{"drawMode":0,"name":"Shaded","section":"Shading Mode"},"sceneLighting":true,"audioPlay":false,"sceneViewState":{"showFog":true,"showMaterialUpdate":false,"showSkybox":true,"showFlares":true,"showImageEffects":true,"showParticleSystems":true},"in2DMode":false,"pivot":{"x":-31.104175567626954,"y":5.325897216796875,"z":48.262142181396487},"rotation":{"x":-0.11053477972745896,"y":-0.862258791923523,"z":0.21405848860740663,"w":-0.44550082087516787},"size":269.22930908203127,"orthographic":false}