{"cameraMode":{"drawMode":0,"name":"Shaded","section":"Shading Mode"},"sceneLighting":true,"audioPlay":false,"sceneViewState":{"showFog":true,"showMaterialUpdate":false,"showSkybox":true,"showFlares":true,"showImageEffects":true,"showParticleSystems":true},"in2DMode":false,"pivot":{"x":15.454608917236329,"y":-3.1513137817382814,"z":-29.086624145507814},"rotation":{"x":-0.10392779111862183,"y":-0.8407572507858276,"z":0.17425042390823365,"w":-0.5019767880439758},"size":101.18882751464844,"orthographic":false}