{"cameraMode":{"drawMode":0,"name":"Shaded","section":"Shading Mode"},"sceneLighting":false,"audioPlay":false,"sceneViewState":{"showFog":true,"showMaterialUpdate":false,"showSkybox":true,"showFlares":true,"showImageEffects":true,"showParticleSystems":true},"in2DMode":false,"pivot":{"x":47.94007873535156,"y":1.396378517150879,"z":77.79786682128906},"rotation":{"x":-0.05171797797083855,"y":0.912179708480835,"z":-0.12135995924472809,"w":-0.38797587156295779},"size":7.661900520324707,"orthographic":false}