{"cameraMode":{"drawMode":0,"name":"Shaded","section":"Shading Mode"},"sceneLighting":false,"audioPlay":false,"sceneViewState":{"showFog":true,"showMaterialUpdate":false,"showSkybox":true,"showFlares":true,"showImageEffects":true,"showParticleSystems":true},"in2DMode":false,"pivot":{"x":39.90550994873047,"y":1.1113427877426148,"z":71.07323455810547},"rotation":{"x":-0.05716388672590256,"y":0.9033865928649902,"z":-0.1270863264799118,"w":-0.40555402636528017},"size":5.480855464935303,"orthographic":false}