{"cameraMode":{"drawMode":0,"name":"Shaded","section":"Shading Mode"},"sceneLighting":false,"audioPlay":false,"sceneViewState":{"showFog":true,"showMaterialUpdate":false,"showSkybox":true,"showFlares":true,"showImageEffects":true,"showParticleSystems":true},"in2DMode":false,"pivot":{"x":35.748191833496097,"y":1.0379152297973633,"z":66.6423110961914},"rotation":{"x":-0.010824204422533512,"y":-0.9794224500656128,"z":0.1937638372182846,"w":-0.055407971143722537},"size":2.700845956802368,"orthographic":false}