{"cameraMode":{"drawMode":0,"name":"Shaded","section":"Shading Mode"},"sceneLighting":false,"audioPlay":false,"sceneViewState":{"showFog":true,"showMaterialUpdate":false,"showSkybox":true,"showFlares":true,"showImageEffects":true,"showParticleSystems":true},"in2DMode":false,"pivot":{"x":34.20363998413086,"y":0.3981133699417114,"z":75.67250061035156},"rotation":{"x":-0.3003265857696533,"y":-0.2932540476322174,"z":0.09766202419996262,"w":-0.9023681282997131},"size":2.1442182064056398,"orthographic":false}