{"cameraMode":{"drawMode":0,"name":"Shaded","section":"Shading Mode"},"sceneLighting":true,"audioPlay":false,"sceneViewState":{"showFog":true,"showMaterialUpdate":false,"showSkybox":true,"showFlares":true,"showImageEffects":true,"showParticleSystems":true},"in2DMode":false,"pivot":{"x":-126.92388153076172,"y":-15.047698974609375,"z":72.59011840820313},"rotation":{"x":-0.0020693219266831877,"y":0.8599203824996948,"z":-0.5112795829772949,"w":-0.0067793154157698158},"size":483.4786682128906,"orthographic":false}