{"cameraMode":{"drawMode":0,"name":"Shaded","section":"Shading Mode"},"sceneLighting":false,"audioPlay":false,"sceneViewState":{"showFog":true,"showMaterialUpdate":false,"showSkybox":true,"showFlares":true,"showImageEffects":true,"showParticleSystems":true},"in2DMode":false,"pivot":{"x":0.5730500221252441,"y":1.6964282989501954,"z":-1.452962875366211},"rotation":{"x":-0.13583090901374818,"y":-0.12866967916488648,"z":0.01763545349240303,"w":-0.98222815990448},"size":28.00726318359375,"orthographic":false}