{"cameraMode":{"drawMode":0,"name":"Shaded","section":"Shading Mode"},"sceneLighting":true,"audioPlay":false,"sceneViewState":{"showFog":true,"showMaterialUpdate":false,"showSkybox":true,"showFlares":true,"showImageEffects":true,"showParticleSystems":true},"in2DMode":false,"pivot":{"x":0.5399999618530273,"y":1.4900001287460328,"z":2.1059999465942385},"rotation":{"x":-0.032298821955919269,"y":-0.4549050033092499,"z":0.01656554453074932,"w":-0.8897998929023743},"size":4.718710422515869,"orthographic":false}