{"cameraMode":{"drawMode":0,"name":"Shaded","section":"Shading Mode"},"sceneLighting":true,"audioPlay":false,"sceneViewState":{"showFog":true,"showMaterialUpdate":false,"showSkybox":true,"showFlares":true,"showImageEffects":true,"showParticleSystems":true},"in2DMode":false,"pivot":{"x":175.046630859375,"y":0.886737585067749,"z":147.0625762939453},"rotation":{"x":0.17830181121826173,"y":0.7921009063720703,"z":-0.26842638850212099,"w":0.5195122361183167},"size":34.72428894042969,"orthographic":false}