{"cameraMode":{"drawMode":0,"name":"Shaded","section":"Shading Mode"},"sceneLighting":true,"audioPlay":false,"sceneViewState":{"showFog":true,"showMaterialUpdate":false,"showSkybox":true,"showFlares":true,"showImageEffects":true,"showParticleSystems":true},"in2DMode":false,"pivot":{"x":-24.181198120117189,"y":68.68804931640625,"z":-6.0446624755859379},"rotation":{"x":0.094797782599926,"y":-0.681013822555542,"z":0.08959437161684036,"w":0.7205609083175659},"size":232.5227813720703,"orthographic":false}